"CRASH_ID","SER_NO","CRASH_DT","CRASH_MO_NO","CRASH_DAY_NO","CRASH_YR_NO","CRASH_WK_DAY_CD","CRASH_HR_NO","CRASH_HR_SHORT_DESC","CNTY_ID","CNTY_NM","CITY_SECT_ID","CITY_SECT_NM","URB_AREA_CD","URB_AREA_SHORT_NM","FC_CD","FC_SHORT_DESC","NHS_FLG","HWY_NO","HWY_SFX_NO","HWY_MED_NM","RDWY_NO","HWY_COMPNT_CD","HWY_COMPNT_SHORT_DESC","MLGE_TYP_CD","MLGE_TYP_SHORT_DESC","RD_CON_NO","LRS_VAL","LAT_DEG_NO","LAT_MINUTE_NO","LAT_SEC_NO","LONGTD_DEG_NO","LONGTD_MINUTE_NO","LONGTD_SEC_NO","LAT_DD","LONGTD_DD","SPECL_JRSDCT_ID","SPECL_JRSDCT_SHORT_DESC","JRSDCT_GRP_CD","JRSDCT_GRP_LONG_DESC","AGY_ST_NO","ST_FULL_NM","RECRE_RD_NM","ISECT_AGY_ST_NO","ISECT_ST_FULL_NM","ISECT_RECRE_RD_NM","ISECT_SEQ_NO","FROM_ISECT_DSTNC_QTY","CMPSS_DIR_CD","MP_NO","POST_SPEED_LMT_VAL","RD_CHAR_CD","RD_CHAR_SHORT_DESC","OFF_RDWY_FLG","ISECT_TYP_CD","ISECT_TYP_SHORT_DESC","ISECT_REL_FLG","RNDABT_FLG","DRVWY_REL_FLG","LN_QTY","TURNG_LEG_QTY","MEDN_TYP_CD","MEDN_TYP_SHORT_DESC","IMPCT_LOC_CD","CRASH_TYP_CD","CRASH_TYP_SHORT_DESC","COLLIS_TYP_CD","COLLIS_TYP_SHORT_DESC","CRASH_SVRTY_CD","CRASH_SVRTY_SHORT_DESC","WTHR_COND_CD","WTHR_COND_SHORT_DESC","RD_SURF_COND_CD","RD_SURF_SHORT_DESC","LGT_COND_CD","LGT_COND_SHORT_DESC","TRAF_CNTL_DEVICE_CD","TRAF_CNTL_DEVICE_SHORT_DESC","TRAF_CNTL_FUNC_FLG","INVSTG_AGY_CD","INVSTG_AGY_SHORT_DESC","CRASH_EVNT_1_CD","CRASH_EVNT_1_SHORT_DESC","CRASH_EVNT_2_CD","CRASH_EVNT_2_SHORT_DESC","CRASH_EVNT_3_CD","CRASH_EVNT_3_SHORT_DESC","CRASH_CAUSE_1_CD","CRASH_CAUSE_1_SHORT_DESC","CRASH_CAUSE_2_CD","CRASH_CAUSE_2_SHORT_DESC","CRASH_CAUSE_3_CD","CRASH_CAUSE_3_SHORT_DESC","SCHL_ZONE_IND","WRK_ZONE_IND","ALCHL_INVLV_FLG","DRUG_INVLV_FLG","MJ_INVLV_FLG","CRASH_SPEED_INVLV_FLG","CRASH_HIT_RUN_FLG","POP_RNG_CD","POP_RNG_MED_DESC","RD_CNTL_CD","RD_CNTL_MED_DESC","RTE_TYP_CD","RTE_ID","RTE_NM","REG_ID","DIST_ID","SEG_MRK_ID","SEG_PT_LRS_MEAS","UNLOCT_FLG","CRASH_LAST_UD_DT","TOT_VHCL_CNT","TOT_FATAL_CNT","TOT_INJ_LVL_A_CNT","TOT_INJ_LVL_B_CNT","TOT_INJ_LVL_C_CNT","TOT_INJ_CNT","TOT_UNINJD_AGE00_04_CNT","TOT_UNINJD_PER_CNT","TOT_PED_CNT","TOT_PED_FATAL_CNT","TOT_PED_INJ_LVL_A_CNT","TOT_PED_INJ_CNT","TOT_PEDCYCL_CNT","TOT_PEDCYCL_FATAL_CNT","TOT_PEDCYCL_INJ_LVL_A_CNT","TOT_PEDCYCL_INJ_CNT","TOT_UNKNWN_CNT","TOT_UNKNWN_FATAL_CNT","TOT_UNKNWN_INJ_CNT","TOT_OCCUP_CNT","TOT_PER_INVLV_CNT","TOT_SFTY_EQUIP_USED_QTY","TOT_SFTY_EQUIP_UNUSED_QTY","TOT_SFTY_EQUIP_USE_UNKNOWN_QTY","TOT_PSNGR_VHCL_OCC_UNRESTRND_FATAL_CNT","TOT_MCYCLST_FATAL_CNT","TOT_MCYCLST_INJ_LVL_A_CNT","TOT_MCYCLST_INJ_CNT","TOT_MCYCLST_UNHELMTD_FATAL_CNT","TOT_ALCHL_IMPAIRED_DRVR_INV_FATAL_CNT","TOT_DRVR_AGE_01_20_CNT","LANE_RDWY_DPRT_CRASH_FLG"
"1669038","06065","2016-05-25 00:00:00","05","25","2016","4","06","6A ","26","Multnomah","243","Portland NE","57","PORTLAND UA    ","11","U INTRST","True","064","  ","EAST PORTLAND FREEWAY","2","0","MN","0","R","","006400200S00","45","32","21.360000000000000","-122","33","47.880000000000000","45.539266666666333","-122.563300000000000","","","","","00745  ","EAST PORTLAND FY            ","","09532  ","WB BNFLD-SB E PTLD          ","","1","","6","22","55","3","STRGHT  ","False","","","False","False","False","6","","2","DIVMD","04","E","S-1STOP   ","3","REAR    ","4","INJ","1","CLR ","1","DRY ","1","DAY ","099","UNKNOWN   ","True","5","NO RPT","","","","","","","27","INATTENT","","","","","","","False","False","False","False","False","9","Over 200,000","2","PORTLAND HWY SYSTEM","IS","205  ","IS 205    ","1","02B","293_5899","1587.90736325235","False","2017-08-28 15:58:29","2","0","0","0","1","1","0","3","0","0","0","0","0","0","0","0","0","0","0","4","4","2","1","1","0","0","0","0","0","0","0","N"
"1669055","00447","2016-10-19 00:00:00","10","19","2016","4","06","6A ","05","Columbia","","","","","02","R PR-ART","True","092","  ","LOWER COLUMBIA RIVER","1","0","MN","0","R","","009200100S00","46","6","40.400000000000000","-123","18","25.510000000000000","46.111222222222000","-123.307086111111000","","","","","","                            ","","","                            ","","","","0","67","55","5","CURVE   ","False","","","False","False","False","2","","0","NONE ","03","G","O-STRGHT  ","2","HEAD    ","4","INJ","1","CLR ","1","DRY ","4","DAWN","099","UNKNOWN   ","True","5","NO RPT","013","FORCED    ","","","","","16","FATIGUE ","","","","","","","False","False","False","False","False","","","5","RURAL HWY SYSTEM","US","30   ","US 30     ","2","01 ","293_1398","1542.56061160756","False","2017-06-12 09:07:42","4","0","0","1","1","2","0","2","0","0","0","0","0","0","0","0","0","0","0","4","4","2","0","2","0","0","0","0","0","0","0","Y"
"1669072","05487","2016-05-11 00:00:00","05","11","2016","4","19","7P ","26","Multnomah","245","Portland SE","57","PORTLAND UA    ","16","U MN-ART","False","","","","","","","","","","","45","30","46.600000000000000","-122","39","36.820000000000000","45.512944444444000","-122.660227777777000","","","","","01513  ","SE MADISON ST               ","","05006  ","SE 6TH AVE                  ","","1","85","7","","","3","STRGHT  ","False","","","False","False","False","3","","0","NONE ","07","6","BIKE      ","3","REAR    ","4","INJ","1","CLR ","1","DRY ","1","DAY ","015","ONE-WAY   ","True","3","CITY  ","","","","","","","40","VIEW OBS","","","","","0","0","False","False","False","False","False","9","Over 200,000","1","PORTLAND CITY STREET","","","","1","02B","58_117083","139.11000391039","False","2017-08-28 15:58:31","1","0","0","0","1","1","0","1","0","0","0","0","1","0","0","1","0","0","0","1","2","0","0","2","0","0","0","0","0","0","1","N"
"1669089","02591","2016-10-21 00:00:00","10","21","2016","6","13","1P ","15","Jackson","8","Ashland","44","MEDFORD UA     ","19","U LOCAL ","False","","","","","","","","","","","42","11","41.710000000000000","-122","42","41.870000000000000","42.194919444444333","-122.711630555555000","","","","","08002  ","2ND ST                      ","","01502  ","E MAIN ST                   ","","1","140","6","","20","3","STRGHT  ","True","","","False","False","False","2","","0","NONE ","07","2","PRKD MV   ","3","REAR    ","4","INJ","2","CLD ","1","DRY ","1","DAY ","099","UNKNOWN   ","True","3","CITY  ","040","CURB      ","058","OTH SIGN  ","129","HILL INV  ","10","OTHR-IMP","","","","","0","0","False","False","False","False","False","5","10,001 to 25,000","3","URBAN CITY STREET ","","","","3","08 ","142_12058","183.259796597928","False","2017-08-17 13:48:36","2","0","0","0","1","1","0","0","0","0","0","0","0","0","0","0","0","0","0","1","1","1","0","0","0","0","0","0","0","0","0","Y"
"1669106","00449","2016-10-20 00:00:00","10","20","2016","5","18","6P ","05","Columbia","","","73","ST HELEN UA    ","14","U PR-ART","True","092","  ","LOWER COLUMBIA RIVER","1","0","MN","0","R","","009200100S00","45","50","41.840000000000000","-122","50","3.340000000000000","45.844955555555333","-122.834261111110333","","","","","","                            ","","","                            ","","","","6","27.41","45","1","INTER   ","False","3","3-LEG  ","False","False","False","","0","","","06","E","S-1STOP   ","3","REAR    ","4","INJ","2","CLD ","1","DRY ","3","DARK","004","STOP SIGN ","True","1","STATE ","013","FORCED    ","","","","","07","TOO-CLOS","27","INATTENT","","","0","0","False","False","False","False","False","","","8","SUBURBAN HWY SYSTEM","US","30   ","US 30     ","2","01 ","293_18903","0","False","2017-06-13 08:48:30","3","0","0","2","0","2","0","1","0","0","0","0","0","0","0","0","0","0","0","3","3","3","0","0","0","0","0","0","0","0","0","N"
"1669187","06124","2016-05-27 00:00:00","05","27","2016","6","11","11A","26","Multnomah","243","Portland NE","57","PORTLAND UA    ","11","U INTRST","True","002","  ","COLUMBIA RIVER","1","6","CN","0","R","1","0002BB100S00","45","32","42.720000000000000","-122","32","14.700000000000000","45.545199999999333","-122.537416666666333","","","","","05122  ","NE 122ND AVE                ","","09533  ","EB EXTO NE 122 AV C1        ","","1","","1","10.28","","1","INTER   ","False","3","3-LEG  ","False","False","False","","0","","","06","E","S-1STOP   ","3","REAR    ","4","INJ","1","CLR ","1","DRY ","1","DAY ","001","TRF SIGNAL","True","0","NONE  ","","","","","","","29","F AVOID ","","","","","","","False","False","False","False","False","9","Over 200,000","2","PORTLAND HWY SYSTEM","IS","84   ","I-84      ","1","02B","293_3696","1371.7145","False","2017-08-28 15:58:29","2","0","0","0","1","1","0","1","0","0","0","0","0","0","0","0","0","0","0","2","2","1","0","1","0","0","0","0","0","0","0","N"
"1669204","02629","2016-10-24 00:00:00","10","24","2016","2","13","1P ","15","Jackson","","","44","MEDFORD UA     ","17","U MJ-COL","False","","","","","","","","","","","42","28","38.920000000000000","-122","51","4.920000000000000","42.477477777777667","-122.851366666666000","","","","","00515  ","AGATE RD                    ","","","                            ","","","","0","4.36","55","3","STRGHT  ","True","","","False","False","False","2","","0","NONE ","07","8","FIX OBJ   ","9","FIX     ","4","INJ","2","CLD ","1","DRY ","1","DAY ","099","UNKNOWN   ","True","2","COUNTY","079","DITCH     ","010","SUB OTRN  ","","","27","INATTENT","","","","","0","0","False","False","False","False","False","","","9","SUBURBAN COUNTY ROAD","","","","3","08 ","142_5258","23171.0963931831","False","2017-06-13 08:48:37","1","0","0","1","0","1","0","0","0","0","0","0","0","0","0","0","0","0","0","1","1","1","0","0","0","0","0","0","0","0","0","Y"
"1669221","00131","2016-06-14 00:00:00","06","14","2016","3","13","1P ","07","Crook","171","Prineville","59","PRINEVL UA     ","14","U PR-ART","True","041","  ","OCHOCO","1","0","MN","0","R","","004100100S00","44","18","10.450000000000000","-120","50","40.700000000000000","44.302902777777000","-120.844638888888333","","","","","00405  ","NE COURT ST                 ","","08003  ","NE 3RD ST                   ","","1","","9","18.86","25","1","INTER   ","False","1","CROSS  ","False","False","False","","0","","","02","E","S-1STOP   ","3","REAR    ","4","INJ","1","CLR ","1","DRY ","1","DAY ","004","STOP SIGN ","True","3","CITY  ","","","","","","","07","TOO-CLOS","","","","","0","0","False","False","False","True","False","4","5,001 to 10,000","4","URBAN HWY SYSTEM","US","26   ","US 26     ","4","10 ","293_10951","321.784899999999","False","2017-08-28 14:49:58","2","0","0","0","1","1","0","2","0","0","0","0","0","0","0","0","0","0","0","3","3","3","0","0","0","0","0","0","0","0","2","N"
"1669238","00142","2016-06-09 00:00:00","06","09","2016","5","16","4P ","07","Crook","171","Prineville","59","PRINEVL UA     ","17","U MJ-COL","False","","","","","","","","","","","44","18","7.310000000000000","-120","51","2.720000000000000","44.302030555555000","-120.850755555555000","","","","","00601  ","NW DEER ST                  ","","08002  ","NW 2ND ST                   ","","1","0","5","","25","1","INTER   ","False","1","CROSS  ","False","False","False","","0","","","06","6","BIKE      ","1","ANGL    ","4","INJ","1","CLR ","1","DRY ","1","DAY ","004","STOP SIGN ","True","3","CITY  ","","","","","","","03","PAS-STOP","19","NT VISBL","","","0","0","False","False","False","False","False","4","5,001 to 10,000","3","URBAN CITY STREET ","","","","4","10 ","54_279","0","False","2017-08-28 14:49:58","1","0","0","1","0","1","0","1","0","0","0","0","1","0","0","1","0","0","0","1","2","1","0","1","0","0","0","0","0","0","0","N"
"1669255","00933","2016-10-28 00:00:00","10","28","2016","6","20","8P ","02","Benton","42","Corvallis","19","CORVALIS UA    ","14","U PR-ART","True","091","  ","PACIFIC HIGHWAY WEST","1","0","MN","0","R","","009100100S00","44","32","41.090000000000000","-123","15","57.350000000000000","44.544747222221333","-123.265930555555000","","","","","01901  ","PACIFIC HY 99W              ","","00112  ","ALEXANDER AVE               ","","1","","5","84.99","35","3","STRGHT  ","False","","","False","False","False","4","","0","NONE ","03","3","PED       ","0","PED     ","2","FAT","1","CLR ","1","DRY ","3","DARK","000","NONE      ","True","3","CITY  ","","","","","","","18","IN RDWY ","19","NT VISBL","","","0","0","True","False","False","False","False","7","50,001 to 100,000","4","URBAN HWY SYSTEM","OR","99W  ","OR 99W    ","2","04 ","293_20541","170.244266416553","False","2017-09-22 10:13:35","1","1","0","0","0","0","0","1","1","1","0","0","0","0","0","0","0","0","0","1","2","1","0","0","0","0","0","0","0","0","0","N"
"1669272","04040","2016-06-20 00:00:00","06","20","2016","2","18","6P ","34","Washington","18","Beaverton","57","PORTLAND UA    ","14","U PR-ART","True","","","","","","","","","","","45","29","10.450000000000000","-122","49","34.130000000000000","45.486236111110333","-122.826147222221667","","","","","01525  ","SW MURRAY BLVD              ","","00802  ","SW FARMINGTON RD            ","","1","100","1","","","3","STRGHT  ","False","","","True","False","False","4","","0","NONE ","08","E","S-1STOP   ","3","REAR    ","4","INJ","1","CLR ","1","DRY ","1","DAY ","099","UNKNOWN   ","True","0","NONE  ","","","","","","","29","F AVOID ","","","","","","","False","False","False","False","False","7","50,001 to 100,000","3","URBAN CITY STREET ","","","","1","02B","58_208939","15586.6793182015","False","2017-08-17 13:59:52","2","0","0","0","1","1","0","1","0","0","0","0","0","0","0","0","0","0","0","2","2","2","0","0","0","0","0","0","0","0","0","N"
"1669421","04122","2016-06-23 00:00:00","06","23","2016","5","16","4P ","34","Washington","18","Beaverton","57","PORTLAND UA    ","14","U PR-ART","True","029","  ","TUALATIN VALLEY","1","0","MN","0","R","","002900100S00","45","29","54.180000000000000","-122","45","52.310000000000000","45.498383333333333","-122.764530555555000","","","","","00515  ","SW CANYON RD                ","","00517  ","SW CANYON DR                ","","1","","3","1.43","35","2","ALLEY   ","False","","","False","False","False","4","","0","NONE ","03","H","O-1 L-TURN","6","TURN    ","4","INJ","3","RAIN","2","WET ","1","DAY ","000","NONE      ","True","3","CITY  ","129","HILL INV  ","","","","","02","NO-YIELD","32","CARELESS","","","0","0","False","False","False","False","False","7","50,001 to 100,000","4","URBAN HWY SYSTEM","OR","8    ","OR 8      ","1","02B","293_19186","0","False","2017-08-17 13:59:52","2","0","0","0","1","1","0","1","0","0","0","0","0","0","0","0","0","0","0","2","2","1","0","1","0","0","0","0","0","0","0","N"
"1669061","02575","2016-10-20 00:00:00","10","20","2016","5","13","1P ","15","Jackson","132","Medford","44","MEDFORD UA     ","14","U PR-ART","True","063","  ","ROGUE VALLEY","1","0","MN","0","R","","006300100S00","42","20","59.890000000000000","-122","53","35.590000000000000","42.349969444444333","-122.893219444444333","","","","","02107  ","ROGUE VALLEY HY             ","","01022  ","HOWARD AVE                  ","","1","","4","4.84","40","3","STRGHT  ","False","","","True","False","False","4","","0","NONE ","06","C","S-STRGHT  ","3","REAR    ","4","INJ","1","CLR ","1","DRY ","1","DAY ","099","UNKNOWN   ","True","3","CITY  ","013","FORCED    ","","","","","07","TOO-CLOS","","","","","0","0","False","False","False","False","False","7","50,001 to 100,000","4","URBAN HWY SYSTEM","OR","99   ","OR 99     ","3","08 ","293_12527","117.05246174037","False","2017-08-17 16:47:15","3","0","0","0","2","2","0","2","0","0","0","0","0","0","0","0","0","0","0","4","4","4","0","0","0","0","0","0","0","0","0","N"
"1669066","02576","2016-10-20 00:00:00","10","20","2016","5","21","9P ","15","Jackson","132","Medford","44","MEDFORD UA     ","14","U PR-ART","True","063","  ","ROGUE VALLEY","1","0","MN","0","R","","006300100S00","42","18","12.600000000000000","-122","51","5.220000000000000","42.303500000000000","-122.851450000000000","","","","","02107  ","ROGUE VALLEY HY             ","","00190  ","CHARLOTTE ANNE RD           ","","1","","4","8.91","45","2","ALLEY   ","False","","","False","False","False","4","","0","NONE ","06","B","ANGL-OTH  ","6","TURN    ","4","INJ","1","CLR ","1","DRY ","2","DLIT","099","UNKNOWN   ","True","3","CITY  ","094","VIOL GDL  ","","","","","02","NO-YIELD","","","","","0","0","False","False","False","False","False","7","50,001 to 100,000","4","URBAN HWY SYSTEM","OR","99   ","OR 99     ","3","08 ","293_14153","466.908480446401","False","2017-08-17 16:47:15","4","0","0","0","2","2","0","3","0","0","0","0","0","0","0","0","0","0","0","5","5","5","0","0","0","0","0","0","0","0","1","N"
"1669193","00111","2016-05-27 00:00:00","05","27","2016","6","17","5P ","07","Crook","","","","","07","R MJ-COL","False","","","","","","","","","","","44","15","35.900000000000000","-120","49","1.910000000000000","44.259972222222000","-120.817197222221667","","","","","00214  ","JUNIPER CANYON RD           ","","","                            ","","","","0","2.07","55","7","GRADE   ","True","","","False","False","False","2","","0","NONE ","01","&","OVERTURN  ","8","NCOL    ","4","INJ","1","CLR ","1","DRY ","1","DAY ","099","UNKNOWN   ","True","2","COUNTY","079","DITCH     ","","","","","10","OTHR-IMP","","","","","0","0","False","False","False","False","False","","","6","RURAL COUNTY ROAD","","","","4","10 ","54_5498","625.817151955831","False","2017-06-13 08:48:36","1","0","0","1","0","1","0","0","0","0","0","0","0","0","0","0","0","0","0","1","1","1","0","0","0","0","0","0","0","0","0","Y"
"1669227","00468","2016-10-29 00:00:00","10","29","2016","7","12","12P","05","Columbia","","","","","02","R PR-ART","True","092","  ","LOWER COLUMBIA RIVER","1","0","MN","0","R","","009200100S00","45","49","23.680000000000000","-122","50","46.210000000000000","45.823244444443667","-122.846169444444333","","","","","","                            ","","","                            ","","","","9","25.8","50","1","INTER   ","False","1","CROSS  ","False","False","False","","0","","","03","B","ANGL-OTH  ","6","TURN    ","4","INJ","1","CLR ","1","DRY ","1","DAY ","004","STOP SIGN ","True","1","STATE ","","","","","","","02","NO-YIELD","","","","","0","0","False","False","False","False","False","","","5","RURAL HWY SYSTEM","US","30   ","US 30     ","2","01 ","293_1454","0","False","2018-04-06 12:45:45","2","0","0","1","1","2","0","1","0","0","0","0","0","0","0","0","0","0","0","3","3","3","0","0","0","0","0","0","0","0","0","N"
"1669236","00542","2016-12-17 00:00:00","12","17","2016","7","17","5P ","23","Malheur","","","","","07","R MJ-COL","False","","","","","","","","","","","44","6","14.830000000000000","-116","56","40.550000000000000","44.104119444444000","-116.944597222221333","","","","","PAYETSP","PAYETTE SPUR                ","","00945  ","CEDAR RD                    ","","1","0","9","","55","1","INTER   ","False","3","3-LEG  ","False","False","False","","1","","","01","B","ANGL-OTH  ","1","ANGL    ","4","INJ","1","CLR ","4","ICE ","3","DARK","099","UNKNOWN   ","True","1","STATE ","079","DITCH     ","","","","","02","NO-YIELD","","","","","0","0","False","False","False","False","False","","","6","RURAL COUNTY ROAD","","","","5","14 ","46_23003409","3498.073","False","2017-06-13 08:48:39","2","0","0","0","2","2","0","0","0","0","0","0","0","0","0","0","0","0","0","2","2","2","0","0","0","0","0","0","0","0","0","N"
"1669261","02652","2016-10-27 00:00:00","10","27","2016","5","09","9A ","15","Jackson","132","Medford","44","MEDFORD UA     ","16","U MN-ART","False","","","","","","","","","","","42","19","52.730000000000000","-122","53","31.970000000000000","42.331313888888667","-122.892213888888333","","","","","01202  ","JACKSON ST                  ","","01519  ","MCANDREWS RD                ","","1","0","9","","35","1","INTER   ","False","1","CROSS  ","False","False","False","","0","","","04","B","ANGL-OTH  ","6","TURN    ","4","INJ","3","RAIN","2","WET ","1","DAY ","004","STOP SIGN ","True","3","CITY  ","","","","","","","02","NO-YIELD","","","","","0","0","False","False","False","False","False","7","50,001 to 100,000","3","URBAN CITY STREET ","","","","3","08 ","142_2613","764.264200000005","False","2017-08-17 16:47:15","2","0","0","0","1","1","0","1","0","0","0","0","0","0","0","0","0","0","0","2","2","2","0","0","0","0","0","0","0","0","0","N"
"1669425","04127","2016-06-21 00:00:00","06","21","2016","3","12","12P","34","Washington","92","Hillsboro","57","PORTLAND UA    ","12","U FWY/XP","True","047","  ","SUNSET","1","6","CN","0","R","5","0047CZ100S00","45","32","33.190000000000000","-122","52","3.120000000000000","45.542552777777333","-122.867533333332667","","","","","09705  ","WB EX 185TH AVE C5          ","","05185  ","NW 185TH AVE                ","","1","","3","64.78","","1","INTER   ","False","1","CROSS  ","False","False","False","","2","","","03","E","S-1STOP   ","3","REAR    ","4","INJ","1","CLR ","1","DRY ","1","DAY ","099","UNKNOWN   ","True","0","NONE  ","","","","","","","29","F AVOID ","","","","","","","False","False","False","False","False","7","50,001 to 100,000","4","URBAN HWY SYSTEM","US","26   ","US 26     ","1","02B","293_5843","1451.64139999999","False","2018-05-21 11:50:09","2","0","0","0","1","1","0","1","0","0","0","0","0","0","0","0","0","0","0","2","2","1","0","1","0","0","0","0","0","0","0","N"
"1669438","00377","2016-04-02 00:00:00","04","02","2016","7","19","7P ","36","Yamhill","151","Newberg","49","NEWBERG UA     ","17","U MJ-COL","False","","","","","","","","","","","45","18","33.750000000000000","-122","56","5.810000000000000","45.309375000000000","-122.934947222221333","","","","","00113  ","PROVIDENCE DR               ","","01901  ","PACIFIC HY 99W              ","","1","222","5","","25","2","ALLEY   ","False","","","False","False","False","2","","0","NONE ","07","D","S-1TURN   ","6","TURN    ","4","INJ","1","CLR ","1","DRY ","5","DUSK","099","UNKNOWN   ","True","3","CITY  ","","","","","","","08","IMP-TURN","02","NO-YIELD","","","","","False","False","False","False","False","5","10,001 to 25,000","3","URBAN CITY STREET ","","","","2","03 ","44_8756","26.6127787368619","False","2017-08-28 14:45:36","2","0","0","0","1","1","0","3","0","0","0","0","0","0","0","0","0","0","0","4","4","4","0","0","0","0","0","0","0","0","2","N"
"1669591","00429","2016-05-13 00:00:00","05","13","2016","6","09","9A ","17","Josephine","80","Grants Pass","31","GRNTS PS UA    ","17","U MJ-COL","False","","","","","","","","","","","42","26","58.670000000000000","-123","19","30.150000000000000","42.449630555555333","-123.325041666666667","","","","","01504  ","MANZANITA AVE               ","","02601  ","WASHINGTON BLVD             ","","1","0","9","","25","1","INTER   ","False","1","CROSS  ","False","False","False","","0","","","04","B","ANGL-OTH  ","1","ANGL    ","4","INJ","1","CLR ","1","DRY ","1","DAY ","004","STOP SIGN ","True","3","CITY  ","","","","","","","03","PAS-STOP","","","","","0","0","False","False","False","False","False","6","25,001 to 50,000","3","URBAN CITY STREET ","","","","3","08 ","142_20346","331.668900000004","False","2017-08-17 14:39:02","2","0","0","1","0","1","1","2","0","0","0","0","0","0","0","0","0","0","0","3","3","3","0","0","0","0","0","0","0","0","0","N"
"1669608","01347","2016-04-16 00:00:00","04","16","2016","7","13","1P ","20","Lane","64","Eugene","25","EUGN-SPR UA    ","16","U MN-ART","False","","","","","","","","","","","44","3","52.820000000000000","-123","10","41.450000000000000","44.064672222222000","-123.178180555554667","","","","","00605  ","DANEBO AVE                  ","","02127  ","ROOSEVELT BLVD              ","","1","0","9","","30","1","INTER   ","False","1","CROSS  ","False","False","False","","0","","","02","B","ANGL-OTH  ","1","ANGL    ","4","INJ","1","CLR ","1","DRY ","1","DAY ","001","TRF SIGNAL","True","0","NONE  ","","","","","","","04","DIS SIG ","","","","","0","0","False","False","False","False","False","8","100,001 to 200,000","3","URBAN CITY STREET ","","","","2","05 ","277_17722","1277.8661","False","2017-08-17 14:35:15","2","0","0","1","0","1","0","1","0","0","0","0","0","0","0","0","0","0","0","2","2","2","0","0","0","0","0","0","0","0","0","N"
"1669625","00519","2016-12-02 00:00:00","12","02","2016","6","11","11A","05","Columbia","","","","","02","R PR-ART","True","092","  ","LOWER COLUMBIA RIVER","1","0","MN","0","R","","009200100S00","46","5","42.240000000000000","-123","8","20.300000000000000","46.095066666666333","-123.138972222221333","","","","","","                            ","","","                            ","","","","0","58.15","55","4","TRANS   ","False","","","False","False","False","3","","0","NONE ","05","C","S-STRGHT  ","5","SS-O    ","4","INJ","2","CLD ","1","DRY ","1","DAY ","093","ACCEL LANE","True","1","STATE ","","","","","","","02","NO-YIELD","","","","","0","0","False","False","False","False","False","","","5","RURAL HWY SYSTEM","US","30   ","US 30     ","2","01 ","293_18100","3982.29581509462","False","2017-06-15 08:49:46","2","0","0","0","1","1","0","3","0","0","0","0","0","0","0","0","0","0","0","4","4","4","0","0","0","0","0","0","0","0","0","N"
"1669642","01361","2016-04-18 00:00:00","04","18","2016","2","15","3P ","20","Lane","64","Eugene","25","EUGN-SPR UA    ","12","U FWY/XP","True","069","  ","BELTLINE","1","0","MN","0","R","","006900100S00","44","5","31.820000000000000","-123","6","3.000000000000000","44.092172222221333","-123.100833333333000","","","","","00224  ","BELTLINE RD                 ","","09257  ","S EB EX DELTA HY            ","","1","","8","9.95","55","3","STRGHT  ","False","","","False","False","False","4","","1","RSDMD","03","E","S-1STOP   ","3","REAR    ","4","INJ","1","CLR ","1","DRY ","1","DAY ","000","NONE      ","True","0","NONE  ","","","","","","","01","TOO-FAST","","","","","0","0","False","False","False","True","False","8","100,001 to 200,000","4","URBAN HWY SYSTEM","OR","569  ","OR 569    ","2","05 ","293_7991","364.547285799643","False","2019-09-04 04:00:01","2","0","0","0","3","3","0","1","0","0","0","0","0","0","0","0","0","0","0","4","4","3","0","1","0","0","0","0","0","0","0","N"
"1669270","02656","2016-10-27 00:00:00","10","27","2016","5","14","2P ","15","Jackson","","","44","MEDFORD UA     ","11","U INTRST","True","001","  ","PACIFIC","1","0","MN","0","R","","000100100S00","42","23","12.930000000000000","-122","54","56.480000000000000","42.386924999999333","-122.915688888888000","","","","","","                            ","","","                            ","","","","0","33.47","65","3","STRGHT  ","False","","","False","False","False","4","","2","DIVMD","04","C","S-STRGHT  ","3","REAR    ","4","INJ","2","CLD ","1","DRY ","1","DAY ","099","UNKNOWN   ","True","1","STATE ","","","","","","","07","TOO-CLOS","33","RECKLESS","","","0","0","True","False","False","False","False","","","8","SUBURBAN HWY SYSTEM","IS","5    ","I-5       ","3","08 ","293_2373","2464.2929857364","False","2017-06-13 08:48:41","2","0","0","0","1","1","0","1","0","0","0","0","0","0","0","0","0","0","0","2","2","2","0","0","0","0","0","0","0","0","0","N"